Название,Цена,Объем,Чистота,Страна,Описание
"ЛЛ-37",8000,"10мг/3мл",0.998,Россия,"единственный кателицидин-производный антимикробный пептид (АМП) человека, экспрессируемый в эпителиальных клетках, кератиноцитах, нейтрофилах и тучных клетках. Обладает двойным механизмом действия: прямая мембранолитическая активность в отношении патогенов и иммуномодулирующая функция через связывание с рецепторами Formyl Peptide Receptor Like-1 (FPRL1), влияя на сигнальные пути NF-κB и MAPK. Что делает: Нарушает целостность мембран грамотрицательных и грамположительных бактерий, а также оболочечных вирусов и грибов за счет образования пор. Нейтрализует липополисахарид бактерий, снижая эндотоксин-индуцированное воспаление и септический шок. Связывается с рецептором FPRL1 на мембранах фагоцитов, эндотелиоцитов и эпителиальных клеток, что запускает хемотаксис нейтрофилов, моноцитов и Т-клеток. Индуцирует ангиогенез, стимулируя пролиферацию, миграцию и трубкообразование эндотелиальных клеток через активацию рецептора EGFR. Ускоряет реэпителизацию ран, способствуя миграции кератиноцитов и продукции провоспалительных цитокинов IL-6, IL-8 и TGF-β на ранних этапах заживления. Модулирует созревание дендритных клеток и поляризацию макрофагов в сторону провоспалительного M1-фенотипа при бактериальных инфекциях. Эффекты: Прямое антимикробное действие: эффективен против Pseudomonas aeruginosa, Staphylococcus aureus (включая MRSA), Escherichia coli, Candida albicans, Legionella pneumophila и оболочечных вирусов (грипп, ВИЧ, RSV). Антибиопленочная активность: подавляет формирование и разрушает зрелые биопленки S. aureus и P. aeruginosa, усиливая действие стандартных антибиотиков. Заживление ран и регенерация кожи: ускоряет закрытие хронических и инфицированных ран, уменьшает риск распространения инфекции вглубь тканей, стимулирует ангиогенез в грануляционной ткани. Иммуномодуляция: усиливает фагоцитоз, снижает избыточный провоспалительный ответ при сепсисе. Противоопухолевый потенциал: ингибирует пролиферацию раковых клеток через индукцию апоптоза и аутофагии. Восстановление барьерной функции кожи: усиливает экспрессию белков плотных контактов в эпидермисе, что важно при атопическом дерматите и псориазе."
"Тимозин Альфа",16500,"30мг/3мл",0.996,Россия,"Инновационный препарат для похудения и улучшения метаболизма. Это мощный тройной агонист рецепторов GLP-1, GIP и глюкагона, предназначенный для комплексного контроля веса, уровня сахара в крови и метаболического здоровья. Его действие направлено на одновременную стимуляцию трёх гормональных систем, что значительно усиливает эффект похудения по сравнению с другими препаратами. Как действует: Подавление аппетита через влияние на центры насыщения в гипоталамусе. Снижение уровня сахара в крови — за счёт повышения секреции инсулина, подавления глюкагона и улучшения чувствительности организма к инсулину. Ускорение обмена веществ и липолиза. Поддержка липидного профиля: снижение триглицеридов и холестерина ЛПНП. Положительное влияние на сердечно-сосудистую систему и предотвращение жирового гепатоза. Эффективность: Снижение массы тела до 24-25%, а в отдельных случаях до 80% у пациентов с ожирением. Способствует контролю массы тела без эффекта возврата. Подходит для пациентов с предиабетом и диабетом 2 типа. Применяется как терапия ожирения и метаболических нарушений, а также в спортивной медицине. Ключевые преимущества: Одновременное воздействие на три гормональных пути. Устойчивое снижение аппетита. Поддержка метаболического здоровья и контроль сахара."
"Ти-пептин",24000,"30мг/3мл",0.998,Россия,"Инновационный препарат для похудения и улучшения метаболизма. Это мощный тройной агонист рецепторов GLP-1, GIP и глюкагона, предназначенный для комплексного контроля веса, уровня сахара в крови и метаболического здоровья. Его действие направлено на одновременную стимуляцию трёх гормональных систем. Как действует: Подавление аппетита через влияние на центры насыщения в гипоталамусе. Снижение уровня сахара в крови. Ускорение обмена веществ и липолиза. Поддержка липидного профиля. Положительное влияние на сердечно-сосудистую систему. Эффективность: Снижение массы тела до 24-25%. Контроль массы тела без эффекта возврата. Подходит для пациентов с предиабетом и диабетом 2 типа. Ключевые преимущества: Одновременное воздействие на три гормональных пути. Устойчивое снижение аппетита. Поддержка метаболического здоровья."
"МОТС",15000,"50мг/3мл",0.991,Россия,"В каждой клетке есть митохондрии — электростанции, которые производят энергию из питательных веществ. MOTS-c — пептид, вырабатываемый в митохондриях, он регулирует метаболизм, переключая клетки с накопления жира на эффективное его использование. Улучшает чувствительность к инсулину, что помогает использовать сахар как энергию. Стимулирует сжигание жира даже в состоянии покоя. Снижает окислительный стресс, замедляя старение и улучшая восстановление. Сохраняет мышечную массу при похудении. Важно помнить: MOTS-c не волшебство — он не сжигает калории вместо тренировок. Его эффект усиливает результат от здорового образа жизни. Это не гормон роста и не стероид, а природный пептид с минимальными побочными эффектами. Кому показан: При проблемах с инсулинорезистентностью и набором веса. Для возрастного улучшения метаболизма и энергетического тонуса. Для восстановления после нагрузок и повышения выносливости."
"НАД+",22000,"900мг/3мл",0.993,Россия,"NAD+ — незаменимый кофермент в каждой клетке, который отвечает за производство энергии, защиту ДНК и поддержание обмена веществ. С возрастом уровень NAD+ снижается. Что дает терапия NAD+: Увеличение энергии и выносливости за счет стимуляции митохондрий и повышения выработки АТФ. Улучшение работы мозга благодаря активации сиртуинов и восстановлению нейронов. Замедление процессов старения через усиление репарации ДНК. Поддержка метаболизма при диабете, ожирении и метаболическом синдроме. Восстановление после стрессов, болезней и операций. Помощь при зависимостях через нормализацию нейромедиаторного баланса. Поддержка сердечно-сосудистой системы. Правильно подобранная NAD+ терапия — мощный инструмент для повышения качества жизни и долголетия."
"СЕМА+КАГРИ",13000,"12+1,2/3мл",0.998,Россия,"Сема + Кагри — синергичная пептидная комбинация, где аналог ГПП-1 подавляет аппетит и улучшает инсулиновый ответ, а кагрилинтид усиливает чувство сытости и замедляет опорожнение желудка, действуя через разные рецепторные пути. Что делает: Сема активирует рецепторы ГПП-1 в поджелудочной железе, стимулируя глюкозозависимую секрецию инсулина. Замедляет моторику ЖКТ и подавляет аппетит через центральные механизмы. Снижает глюконеогенез в печени. Кагри — агонист амилиновых рецепторов, усиливает сигналы насыщения независимо от ГПП-1. Предотвращает компенсаторное снижение энерготрат при похудении. Совместно блокируют два независимых механизма голода и метаболической экономии. Эффекты: Снижение массы тела до 15-20% за 16 недель. Стабильный контроль аппетита. Улучшение гликемического профиля. Сохранение безжировой массы. Синергия в снижении висцерального жира. Снижение сердечно-сосудистых рисков."
"РЕТА",26000,"30мг/3мл",0.991,Россия,"Инновационный препарат для похудения и улучшения метаболизма. Это мощный тройной агонист рецепторов GLP-1, GIP и глюкагона для комплексного контроля веса, уровня сахара в крови и метаболического здоровья. Как действует: Подавление аппетита через влияние на центры насыщения в гипоталамусе. Снижение уровня сахара в крови. Ускорение обмена веществ и липолиза. Поддержка липидного профиля. Положительное влияние на сердечно-сосудистую систему. Эффективность: Снижение массы тела до 24-25%. Контроль массы тела без эффекта возврата. Подходит для пациентов с предиабетом и диабетом 2 типа. Применяется как терапия ожирения и метаболических нарушений. Ключевые преимущества: Одновременное воздействие на три гормональных пути. Устойчивое снижение аппетита."
"ЭПОБИС",12500,"20мг/3мл",0.991,Россия,"Пептидный препарат для комплексного воздействия на организм. Поддерживает метаболические процессы и способствует общему оздоровлению."
"СС-31",7500,"50мг/3мл",0.995,Россия,"Антиоксидантный пептид для защиты митохондрий и замедления процессов старения на клеточном уровне."
"АРА-290",12000,"40мг/3мл",0.996,Россия,"Пептид для восстановления и защиты нервной системы. Способствует улучшению когнитивных функций и защите от окислительного стресса."
"П-21",15000,"20мг/3мл",0.998,Россия,"Нейропептидный комплекс для улучшения памяти, концентрации и защиты нейронов от повреждений."
"5АМИНО",18000,"100мг/3мл",0.996,Россия,"Аминокислотный комплекс для поддержки синтеза белка, восстановления тканей и общей энергетики организма."
"Эпиталон",8900,"30мг/3мл",0.997,Россия,"Пептид для замедления процессов старения. Активирует теломеразу и удлиняет теломеры. Улучшает общее самочувствие, сон и замедляет возрастные изменения."
"ТБ-500+БПЦ-157",8000,"10+10мг/3мл",0.998,Россия,"Комбинированный пептидный комплекс для восстановления мышечных тканей, сухожилий и связок. Ускоряет заживление ран и уменьшает воспаление."
"Трипептид меди",8000,"100мг/3мл",0.996,Россия,"Пептид с антиоксидантными и противовоспалительными свойствами. Способствует заживлению тканей и защите от окислительного стресса."
"ГЛОУ 70",12500,"50+10+10/3мл",0.998,Россия,"Комплексный пептидный препарат для интенсивного омоложения и восстановления на клеточном уровне."
"МОТС+СС",11000,"20+20мг/3мл",0.998,Россия,"Комбинированный пептидный комплекс для улучшения метаболизма и защиты митохондрий."
"Юниверон",9500,"1мл",,,Россия,"Пептид для комплексного оздоровления и поддержки иммунной системы."
"Соматомедин",19000,"15мг/3мл",0.993,Россия,"Фактор роста для стимуляции синтеза белка и наращивания мышечной массы."
"ГЛУНАК",3000,"2400мг",,,Россия,"Аминокислотный комплекс для поддержки мозговой деятельности и когнитивных функций."
"Глут",1000,"1200мг",,,Россия,"Глутамин для поддержки иммунной системы и восстановления после нагрузок."
"ТИ-пептин",34000,"50мг/3мл",0.998,Россия,"Инновационный препарат для похудения и улучшения метаболизма. Тройной агонист рецепторов GLP-1, GIP и глюкагона."
"КАГРИ",11500,"10мг/3мл",0.996,Россия,"Аналог амилина для усиления чувства сытости и замедления опорожнения желудка."
"СЕМА+КАГРИ",10000,"12мг/3мл",0.998,Россия,"Синергичная комбинация Сема и Кагри для максимального контроля аппетита и метаболизма."
"КИСС",7000,"10мг/3мл",0.996,Россия,"Пептид для регуляции энергетического баланса и поддержки метаболических процессов."
"АОД-9674",21000,"30мг/3мл",0.993,Россия,"Пептидный агонист для контроля веса и улучшения липидного профиля."
"KLOW",16000,"50+10+10+10/3мл",0.993,Россия,"Комплексный пептидный препарат для похудения и улучшения метаболизма."
"KPV",5500,"10мг/3мл",0.994,Россия,"Противовоспалительный пептид для поддержки иммунной системы и заживления тканей."
"СЕМА",9000,"12мг/3мл",0.998,Россия,"Аналог ГПП-1 для подавления аппетита и улучшения гликемического контроля."