Unnamed: 0,цена,Объем,Чистота,Страна,Описание
ЛЛ-37,8000,10мг/3мл,0.998,Россия,"единственный кателицидин-производный антимикробный пептид (АМП) человека, экспрессируемый в эпителиальных клетках, кератиноцитах, нейтрофилах и тучных клетках. Обладает двойным механизмом действия: прямая мембранолитическая активность в отношении патогенов и иммуномодулирующая функция через связывание с рецепторами Formyl Peptide Receptor Like-1 (FPRL1), влияя на сигнальные пути NF-κB и MAPK. ❓Что делает Нарушает целостность мембран грамотрицательных и грамположительных бактерий, а также оболочечных вирусов и грибов за счет образования пор (механизм «toroidal pore»). Нейтрализует липополисахарид (LPS) бактерий, снижая эндотоксин-индуцированное воспаление и септический шок. Связывается с рецептором FPRL1 на мембранах фагоцитов, эндотелиоцитов и эпителиальных клеток, что запускает хемотаксис нейтрофилов, моноцитов и Т-клеток. Индуцирует ангиогенез, стимулируя пролиферацию, миграцию и трубкообразование эндотелиальных клеток через активацию рецептора EGFR. Ускоряет реэпителизацию ран, способствуя миграции кератиноцитов и продукции провоспалительных цитокинов IL-6, IL-8 и TGF-β на ранних этапах заживления. Модулирует созревание дендритных клеток и поляризацию макрофагов в сторону провоспалительного M1-фенотипа при бактериальных инфекциях. ❗️Эффекты Прямое антимикробное действие: эффективен против Pseudomonas aeruginosa, Staphylococcus aureus (включая MRSA), Escherichia coli, Candida albicans, Legionella pneumophila и оболочечных вирусов (грипп, ВИЧ, RSV). Антибиопленочная активность: подавляет формирование и разрушает зрелые биопленки S. aureus и P. aeruginosa, усиливая действие стандартных антибиотиков (ципрофлоксацин, ванкомицин). Заживление ран и регенерация кожи: ускоряет закрытие хронических и инфицированных ран, уменьшает риск распространения инфекции вглубь тканей, стимулирует ангиогенез в грануляционной ткани. Иммуномодуляция: усиливает фагоцитоз, снижает избыточный провоспалительный ответ при сепсисе (эффект зависит от концентрации — низкие дозы противовоспалительные, высокие — провоспалительные через IL-1β). Противоопухолевый потенциал: ингибирует пролиферацию некоторых линий раковых клеток (рак легкого, молочной железы, меланома) через индукцию апоптоза и аутоплагии, при этом не затрагивая здоровые клетки. Восстановление барьерной функции кожи: усиливает экспрессию белков плотных контактов (клаудин-1, окклюдин) в эпидермисе, что важно при атопическом дерматите и псориазе. "
Тимозин Альфа,16500,30мг/3мл,0.996,Россия,"Инновационный препарат для похудения и улучшения метаболизма

Это мощный тройной агонист рецепторов GLP-1, GIP и глюкагона, предназначенный для комплексного контроля веса, уровня сахара в крови и метаболического здоровья. Его действие направлено на одновременную стимуляцию трёх гормональных систем, что значительно усиливает эффект похудения по сравнению с другими препаратами.

Как действует 

- Подавление аппетита через влияние на центры насыщения в гипоталамусе, что способствует длительному ощущению сытости.
- Снижение уровня сахара в крови — за счёт повышения секреции инсулина, подавления глюкагона и улучшения чувствительности организма к инсулину.
- Ускорение обмена веществ и липолиза — активация глюкагоновых рецепторов способствует интенсивному расщеплению жиров и преобразованию их в энергию, особенно в области висцерального жира и печени.
- Поддержка липидного профиля: снижение триглицеридов и ""плохого"" холестерина ЛПНП.
- Положительное влияние на сердечно-сосудистую систему и предотвращение жирового гепатоза (жировой болезни печени).

Эффективность

- Клинические исследования показывают снижение массы тела до 24-25%, а в отдельных случаях и до 80% у пациентов с ожирением, включая разные типы телосложения и образа жизни.
- Способствует контролю массы тела без эффекта возврата (отката).
- Подходит для пациентов с предиабетом и диабетом 2 типа благодаря улучшению гликемического контроля.

Применение

Используется как терапия ожирения и метаболических нарушений, а также набирает популярность в спортивной медицине благодаря способности снижать жир и одновременно стимулировать рост мышечной массы.

Ключевые преимущества

- Одновременное воздействие на три гормональных пути для максимальной эффективности.
- Устойчивое снижение аппетита и корректировка обменных процессов.
- Поддержка метаболического здоровья и контроль сахара.
- Комплексное улучшение липидного и энергетического баланса организма."
Ти-пептин,24000,30мг/3мл,0.998,Россия,"Представьте, что в вашем организме есть два важных «регулятора аппетита и сахара» — гормоны GIP и GLP-1. Они работают как опытные диспетчеры, которые направляют инсулин к клеткам, чтобы те получали энергию из крови, и при этом контролируют чувство голода, не давая вам переедать. Это искусственный пептид, который совмещает функции этих двух «диспетчеров». Он помогает вашему организму эффективнее использовать сахар и одновременно снижает аппетит, словно включая режим экономии и сжигания запасов.

Положительные эффекты

- Улучшение контроля уровня глюкозы в крови за счёт повышения секреции инсулина и подавления глюкагона
- Снижение аппетита и замедление опорожнения желудка, что помогает уменьшить потребление калорий
- Значительное снижение веса при соблюдении диеты и физической активности
- Улучшение сердечно-сосудистых показателей: снижение давления и улучшение липидного профиля
- Поддержка общей энергетики и улучшение обменных процессов организма


Перед началом приема обязательна консультация со специалистом, который оценит ваше состояние здоровья и подберёт правильную дозировку. Это важно для безопасности и максимальной эффективности терапии."
МОТС,15000,50мг/3мл,0.991,Россия,"В каждой клетке есть митохондрии — «электростанции», которые производят энергию из питательных веществ. MOTS-c — пептид, вырабатываемый в митохондриях, он регулирует метаболизм, переключая клетки с накопления жира на эффективное его использование. - Улучшает чувствительность к инсулину, что помогает использовать сахар как энергию, а не откладывать в жир - Стимулирует сжигание жира даже в состоянии покоя, как при физических нагрузках - Снижает окислительный стресс, замедляя старение и улучшая восстановление - Сохраняет мышечную массу при похудении, что важно для поддержания обмена веществ ❗️Важно помнить MOTS-c не волшебство — он не сжигает калории вместо тренировок и правильного питания. Его эффект усиливает результат от здорового образа жизни, помогая метаболизму работать лучше. 👽Мифы - Это не гормон роста и не стероид, а природный пептид с минимальными побочными эффектами - MOTS-c — это синтетика, нет ваш организм уже его вырабатывает 💯Кому показан MOTS-c - При проблемах с инсулинорезистентностью и набором веса - Для возрастного улучшения метаболизма и энергетического тонуса - Для восстановления после нагрузок и повышения выносливости"
НАД+,22000,900мг/3мл,0.993,Россия,"NAD+ — это незаменимый кофермент, присутствующий в каждой клетке нашего организма, который отвечает за производство энергии, защиту ДНК и поддержание обмена веществ. С возрастом уровень NAD+ снижается, что отражается на общем состоянии здоровья и скорости старения. Что дает терапия NAD+ - Увеличение энергии и выносливости за счет стимуляции митохондрий и повышения выработки АТФ, что особенно важно при хронической усталости и восстановлении после нагрузок. - Улучшение работы мозга благодаря активации сиртуинов и восстановлению нейронов, помогает бороться с «мозговым туманом», поддерживает память и концентрацию. - Замедление процессов старения через усиление репарации ДНК и снижение окислительного стресса, способствует сохранению здоровья и снижению риска возрастных заболеваний. - Поддержка метаболизма за счёт улучшения инсулинорезистентности и снижения воспаления, что актуально при диабете, ожирении и метаболическом синдроме. - Восстановление после стрессов, болезней и операций, поддержка энергетического баланса и нейроэндокринной системы. - Помощь при зависимостях через нормализацию нейромедиаторного баланса и уменьшение симптомов абстиненции. - Поддержка сердечно-сосудистой системы, снижение воспаления и улучшение функции сосудов. Ключевые моменты Правильно подобранная NAD+ терапия — мощный инструмент для повышения качества жизни и долголетия, но не заменяет здоровый образ жизни и традиционное лечение. Для достижения эффективности необходим индивидуальный подход и консультация специалиста. Использование NAD+ открывает перспективы для комплексного поддержания здоровья на клеточном уровне, делая возможным улучшение энергии, ума и общего самочувствия."
СЕМА+КАГРИ,13000,"12+1,2/3мл",0.998,Россия,"Сема + Кагри — это синергичная пептидная комбинация, где аналог ГПП-1  подавляет аппетит и улучшает инсулиновый ответ, а синтетический аналог амилина (кагрилинтид) усиливает чувство сытости и замедляет опорожнение желудка, действуя через разные рецепторные пути.
❓Что делает
Сема:
Активирует рецепторы ГПП-1 в поджелудочной железе, стимулируя глюкозозависимую секрецию инсулина. Замедляет моторику ЖКТ и подавляет аппетит через центральные механизмы (гипоталамус). Снижает глюконеогенез в печени.

Кагри:
Агонист амилиновых рецепторов в области постремы (area postrema) и ядре одиночного пути.
Усиливает сигналы насыщения независимо от ГПП-1, снижает постпрандиальную глюкозу.
Предотвращает компенсаторное снижение энерготрат при похудении (в отличие от одних ГПП-1).

Совместно:
Блокируют два независимых механизма голода и метаболической экономии, обеспечивая большую потерю жира без плато.

❗️Эффекты
Мощное снижение массы тела (средние данные — до 15–20% за 16 недель, больше чем монотерапия семаглутидом). Стабильный контроль аппетита (раннее насыщение, снижение пищевых мыслей, уменьшение «наградного» голода). Улучшение гликемического профиля (снижение HbA1c, постпрандиальной глюкозы, улучшение HOMA-IR). Сохранение безжировой массы (при достаточном потреблении белка — за счет амилинового компонента, снижающего катаболический фон). Синергия в снижении висцерального жира, особенно в сочетании с умеренным дефицитом калорий. Снижение сердечно-сосудистых рисков (влияние на артериальное давление, липидный профиль и воспаление — аддитивный эффект)."
РЕТА,26000,30мг/3мл,0.991,Россия,"Инновационный препарат для похудения и улучшения метаболизма

Это мощный тройной агонист рецепторов GLP-1, GIP и глюкагона, предназначенный для комплексного контроля веса, уровня сахара в крови и метаболического здоровья. Его действие направлено на одновременную стимуляцию трёх гормональных систем, что значительно усиливает эффект похудения по сравнению с другими препаратами.

Как действует

- Подавление аппетита через влияние на центры насыщения в гипоталамусе, что способствует длительному ощущению сытости.
- Снижение уровня сахара в крови — за счёт повышения секреции инсулина, подавления глюкагона и улучшения чувствительности организма к инсулину.
- Ускорение обмена веществ и липолиза — активация глюкагоновых рецепторов способствует интенсивному расщеплению жиров и преобразованию их в энергию, особенно в области висцерального жира и печени.
- Поддержка липидного профиля: снижение триглицеридов и ""плохого"" холестерина ЛПНП.
- Положительное влияние на сердечно-сосудистую систему и предотвращение жирового гепатоза (жировой болезни печени).

Эффективность

- Клинические исследования показывают снижение массы тела до 24-25%, а в отдельных случаях и до 80% у пациентов с ожирением, включая разные типы телосложения и образа жизни.
- Способствует контролю массы тела без эффекта возврата (отката).
- Подходит для пациентов с предиабетом и диабетом 2 типа благодаря улучшению гликемического контроля.

Применение

используется как терапия ожирения и метаболических нарушений, а также набирает популярность в спортивной медицине благодаря способности снижать жир и одновременно стимулировать рост мышечной массы.

Ключевые преимущества

- Одновременное воздействие на три гормональных пути для максимальной эффективности.
- Устойчивое снижение аппетита и корректировка обменных процессов.
- Поддержка метаболического здоровья и контроль сахара.
- Комплексное улучшение липидного и энергетического баланса организма."
ЭПОБИС,12500,20мг/3мл,0.991,Россия,
СС-31,7500,50мг/3мл,0.995,Россия,
АРА-290,12000,40мг/3мл,0.996,Россия,
П-21,15000,20мг/3мл,0.998,Россия,
5АМИНО,18000,100мг/3мл,0.996,Россия,
Эпиталон,8900,30мг/3мл,0.997,Россия,
ТБ-500+БПЦ-157,8000,10+10мг/3мл,0.998,Россия,
Трипептид меди,8000,100мг/3мл,0.996,Россия,
ГЛОУ 70,12500,50+10+10/3мл,0.998,Россия,
МОТС+СС,11000,20+20мг/3мл,0.998,Россия,
Юниверон,9500,1мл,,Россия,
Соматомедин,19000,15мг/3мл,0.993,Россия,
ГЛУНАК,3000,2400мг,,Россия,
Глут,1000,1200мг,,Россия,
ТИ-пептин,34000,50мг/3мл,0.998,Россия,
КАГРИ,11500,10мг/3мл,0.996,Россия,
СЕМА+КАГРИ,10000,12мг/3мл,0.998,Россия,
КИСС,7000,10мг/3мл,0.996,Россия,
АОД-9674,21000,30мг/3мл,0.993,Россия,
KLOW,16000,50+10+10+10/3мл,0.993,Россия,
KPV,5500,10мг/3мл,0.994,Россия,
СЕМА,9000,12мг/3мл,0.998,Россия,
